Plate,Row,Column,Well,WellType,RFU,Pct_Activity
Plate 1,I,18,I18,Experimental,38000,125.97
Plate 1,H,12,H12,Experimental,36761,121.83
Plate 1,E,18,E18,Experimental,34705,114.96
Plate 1,J,5,J05,Experimental,33517,110.99
Plate 1,F,6,F06,Experimental,32523,107.67
Plate 1,P,19,P19,Experimental,32518,107.66
Plate 1,P,15,P15,Experimental,32225,106.68
Plate 1,J,19,J19,Experimental,32151,106.43
Plate 1,L,21,L21,Experimental,32064,106.14
Plate 1,K,13,K13,Experimental,31977,105.85
Plate 1,N,12,N12,Experimental,31739,105.05
Plate 1,E,11,E11,Experimental,30089,99.54
Plate 1,G,13,G13,Experimental,29926,98.99
Plate 1,B,8,B08,Experimental,29818,98.63
Plate 1,K,9,K09,Experimental,29123,96.31
Plate 1,L,3,L03,Experimental,28059,92.76
Plate 1,L,19,L19,Experimental,27688,91.52
Plate 1,A,7,A07,Experimental,27633,91.33
Plate 1,F,16,F16,Experimental,27399,90.55
Plate 1,A,4,A04,Experimental,27184,89.83
Plate 1,D,11,D11,Experimental,26823,88.63
Plate 1,O,16,O16,Experimental,26802,88.56
Plate 1,A,21,A21,Experimental,26725,88.3
Plate 1,H,10,H10,Experimental,26628,87.97
Plate 1,P,13,P13,Experimental,26609,87.91
Plate 1,L,7,L07,Experimental,26530,87.65
Plate 1,F,3,F03,Experimental,26222,86.62
Plate 1,C,18,C18,Experimental,25849,85.37
Plate 1,F,22,F22,Experimental,25457,84.06
Plate 1,N,3,N03,Experimental,25443,84.02
Plate 1,M,19,M19,Experimental,25221,83.27
Plate 1,K,17,K17,Experimental,25135,82.99
Plate 1,L,9,L09,Experimental,24305,80.21
Plate 1,G,19,G19,Experimental,24268,80.09
Plate 1,N,15,N15,Experimental,24264,80.08
Plate 1,I,20,I20,Experimental,24084,79.47
Plate 1,J,10,J10,Experimental,23711,78.23
Plate 1,I,11,I11,Experimental,23664,78.07
Plate 1,I,12,I12,Experimental,23430,77.29
Plate 1,K,14,K14,Experimental,23259,76.72
Plate 1,C,7,C07,Experimental,23247,76.68
Plate 1,C,20,C20,Experimental,23028,75.95
Plate 1,C,12,C12,Experimental,22804,75.2
Plate 1,D,20,D20,Experimental,22749,75.01
Plate 1,G,21,G21,Experimental,22707,74.87
Plate 1,P,14,P14,Experimental,22674,74.76
Plate 1,I,21,I21,Experimental,22632,74.62
Plate 1,C,8,C08,Experimental,22450,74.01
Plate 1,K,12,K12,Experimental,22342,73.65
Plate 1,D,15,D15,Experimental,22323,73.59
Plate 1,M,9,M09,Experimental,22196,73.17
Plate 1,P,17,P17,Experimental,21978,72.44
Plate 1,K,4,K04,Experimental,21926,72.26
Plate 1,O,17,O17,Experimental,21861,72.05
Plate 1,M,6,M06,Experimental,21796,71.83
Plate 1,H,8,H08,Experimental,21617,71.23
Plate 1,B,11,B11,Experimental,21580,71.11
Plate 1,D,4,D04,Experimental,21575,71.09
Plate 1,F,19,F19,Experimental,21508,70.87
Plate 1,M,11,M11,Experimental,21502,70.85
Plate 1,C,17,C17,Experimental,21500,70.84
Plate 1,N,16,N16,Experimental,21333,70.28
Plate 1,G,18,G18,Experimental,21296,70.16
Plate 1,K,20,K20,Experimental,21197,69.83
Plate 1,A,8,A08,Experimental,21139,69.63
Plate 1,M,15,M15,Experimental,20978,69.1
Plate 1,B,17,B17,Experimental,20907,68.86
Plate 1,H,18,H18,Experimental,20712,68.21
Plate 1,P,5,P05,Experimental,20521,67.57
Plate 1,J,7,J07,Experimental,20490,67.46
Plate 1,N,5,N05,Experimental,20455,67.35
Plate 1,J,14,J14,Experimental,20436,67.28
Plate 1,L,18,L18,Experimental,20297,66.82
Plate 1,G,16,G16,Experimental,20252,66.67
Plate 1,I,22,I22,Experimental,20211,66.53
Plate 1,A,3,A03,Experimental,20181,66.43
Plate 1,J,20,J20,Experimental,20071,66.06
Plate 1,M,12,M12,Experimental,20037,65.95
Plate 1,N,18,N18,Experimental,20026,65.91
Plate 1,H,13,H13,Experimental,20005,65.84
Plate 1,N,17,N17,Experimental,19992,65.8
Plate 1,C,6,C06,Experimental,19893,65.47
Plate 1,M,16,M16,Experimental,19882,65.43
Plate 1,N,10,N10,Experimental,19761,65.03
Plate 1,F,5,F05,Experimental,19694,64.81
Plate 1,I,19,I19,Experimental,19567,64.38
Plate 1,I,10,I10,Experimental,19486,64.11
Plate 1,M,21,M21,Experimental,19376,63.74
Plate 1,A,10,A10,Experimental,19340,63.62
Plate 1,G,5,G05,Experimental,19175,63.07
Plate 1,I,15,I15,Experimental,19120,62.89
Plate 1,I,17,I17,Experimental,19120,62.89
Plate 1,I,16,I16,Experimental,19110,62.85
Plate 1,D,18,D18,Experimental,19106,62.84
Plate 1,K,3,K03,Experimental,19039,62.62
Plate 1,P,12,P12,Experimental,18983,62.43
Plate 1,H,16,H16,Experimental,18859,62.02
Plate 1,F,14,F14,Experimental,18788,61.78
Plate 1,G,14,G14,Experimental,18790,61.78
Plate 1,H,19,H19,Experimental,18785,61.77
Plate 1,L,12,L12,Experimental,18696,61.47
Plate 1,K,19,K19,Experimental,18550,60.98
Plate 1,O,3,O03,Experimental,18303,60.16
Plate 1,G,22,G22,Experimental,18302,60.15
Plate 1,K,10,K10,Experimental,18239,59.94
Plate 1,E,10,E10,Experimental,18232,59.92
Plate 1,P,4,P04,Experimental,18213,59.86
Plate 1,I,4,I04,Experimental,18082,59.42
Plate 1,B,4,B04,Experimental,18005,59.16
Plate 1,C,21,C21,Experimental,17893,58.79
Plate 1,I,9,I09,Experimental,17862,58.68
Plate 1,D,10,D10,Experimental,17856,58.66
Plate 1,M,7,M07,Experimental,17856,58.66
Plate 1,G,8,G08,Experimental,17771,58.38
Plate 1,H,6,H06,Experimental,17729,58.24
Plate 1,C,11,C11,Experimental,17650,57.98
Plate 1,D,16,D16,Experimental,17630,57.91
Plate 1,C,3,C03,Experimental,17592,57.78
Plate 1,N,7,N07,Experimental,17593,57.78
Plate 1,A,18,A18,Experimental,17513,57.52
Plate 1,O,15,O15,Experimental,17487,57.43
Plate 1,M,10,M10,Experimental,17458,57.33
Plate 1,E,20,E20,Experimental,17412,57.18
Plate 1,G,6,G06,Experimental,17375,57.06
Plate 1,G,11,G11,Experimental,17344,56.95
Plate 1,H,7,H07,Experimental,17213,56.52
Plate 1,E,13,E13,Experimental,17060,56.0
Plate 1,G,7,G07,Experimental,17003,55.81
Plate 1,O,7,O07,Experimental,16959,55.67
Plate 1,O,6,O06,Experimental,16949,55.63
Plate 1,A,13,A13,Experimental,16935,55.59
Plate 1,G,10,G10,Experimental,16858,55.33
Plate 1,O,10,O10,Experimental,16856,55.32
Plate 1,F,21,F21,Experimental,16819,55.2
Plate 1,P,7,P07,Experimental,16792,55.11
Plate 1,J,16,J16,Experimental,16731,54.9
Plate 1,B,13,B13,Experimental,16670,54.7
Plate 1,L,13,L13,Experimental,16592,54.44
Plate 1,B,16,B16,Experimental,16574,54.38
Plate 1,J,22,J22,Experimental,16491,54.1
Plate 1,P,18,P18,Experimental,16466,54.02
Plate 1,E,12,E12,Experimental,16396,53.79
Plate 1,I,3,I03,Experimental,16385,53.75
Plate 1,B,18,B18,Experimental,16370,53.7
Plate 1,I,6,I06,Experimental,16229,53.23
Plate 1,L,6,L06,Experimental,16045,52.61
Plate 1,M,18,M18,Experimental,15938,52.25
Plate 1,L,17,L17,Experimental,15908,52.15
Plate 1,F,9,F09,Experimental,15797,51.78
Plate 1,P,9,P09,Experimental,15781,51.73
Plate 1,D,19,D19,Experimental,15776,51.71
Plate 1,N,9,N09,Experimental,15775,51.71
Plate 1,D,7,D07,Experimental,15734,51.57
Plate 1,D,5,D05,Experimental,15696,51.45
Plate 1,J,4,J04,Experimental,15654,51.31
Plate 1,N,21,N21,Experimental,15606,51.15
Plate 1,L,15,L15,Experimental,15558,50.98
Plate 1,F,12,F12,Experimental,15548,50.95
Plate 1,J,11,J11,Experimental,15514,50.84
Plate 1,E,17,E17,Experimental,15481,50.73
Plate 1,I,7,I07,Experimental,15465,50.67
Plate 1,J,17,J17,Experimental,15364,50.34
Plate 2,N,5,N05,Experimental,37888,127.58
Plate 2,O,15,O15,Experimental,36108,121.54
Plate 2,I,4,I04,Experimental,31510,105.93
Plate 2,O,16,O16,Experimental,30857,103.71
Plate 2,C,3,C03,Experimental,30296,101.81
Plate 2,G,19,G19,Experimental,29880,100.39
Plate 2,M,9,M09,Experimental,29702,99.79
Plate 2,O,5,O05,Experimental,29261,98.29
Plate 2,P,14,P14,Experimental,29232,98.19
Plate 2,B,15,B15,Experimental,29129,97.84
Plate 2,J,6,J06,Experimental,28922,97.14
Plate 2,E,13,E13,Experimental,28741,96.53
Plate 2,G,12,G12,Experimental,28715,96.44
Plate 2,C,16,C16,Experimental,28596,96.04
Plate 2,M,11,M11,Experimental,28436,95.49
Plate 2,O,13,O13,Experimental,28276,94.95
Plate 2,A,21,A21,Experimental,28205,94.71
Plate 2,D,17,D17,Experimental,27236,91.42
Plate 2,D,3,D03,Experimental,27026,90.7
Plate 2,B,14,B14,Experimental,26695,89.58
Plate 2,E,11,E11,Experimental,26413,88.62
Plate 2,L,8,L08,Experimental,26144,87.71
Plate 2,M,20,M20,Experimental,26143,87.71
Plate 2,D,16,D16,Experimental,25375,85.1
Plate 2,K,7,K07,Experimental,25305,84.86
Plate 2,M,5,M05,Experimental,25256,84.69
Plate 2,K,3,K03,Experimental,25202,84.51
Plate 2,K,21,K21,Experimental,24957,83.68
Plate 2,H,16,H16,Experimental,24754,82.99
Plate 2,G,15,G15,Experimental,24650,82.64
Plate 2,C,12,C12,Experimental,24544,82.28
Plate 2,J,20,J20,Experimental,24371,81.69
Plate 2,N,16,N16,Experimental,24368,81.68
Plate 2,P,18,P18,Experimental,24363,81.66
Plate 2,J,21,J21,Experimental,24162,80.98
Plate 2,H,22,H22,Experimental,24103,80.78
Plate 2,G,22,G22,Experimental,23898,80.08
Plate 2,G,11,G11,Experimental,23735,79.53
Plate 2,B,8,B08,Experimental,23579,79.0
Plate 2,E,17,E17,Experimental,23447,78.55
Plate 2,B,5,B05,Experimental,23395,78.38
Plate 2,M,8,M08,Experimental,23210,77.75
Plate 2,A,9,A09,Experimental,23141,77.51
Plate 2,I,10,I10,Experimental,23120,77.44
Plate 2,G,16,G16,Experimental,22844,76.51
Plate 2,K,16,K16,Experimental,22806,76.38
Plate 2,J,17,J17,Experimental,22784,76.3
Plate 2,F,9,F09,Experimental,22713,76.06
Plate 2,H,9,H09,Experimental,22688,75.98
Plate 2,H,6,H06,Experimental,22632,75.79
Plate 2,I,7,I07,Experimental,22510,75.37
Plate 2,L,12,L12,Experimental,22488,75.3
Plate 2,M,17,M17,Experimental,22461,75.2
Plate 2,P,21,P21,Experimental,22410,75.03
Plate 2,L,16,L16,Experimental,22227,74.41
Plate 2,D,10,D10,Experimental,22154,74.16
Plate 2,B,17,B17,Experimental,21725,72.71
Plate 2,K,22,K22,Experimental,21511,71.98
Plate 2,I,16,I16,Experimental,21486,71.89
Plate 2,I,14,I14,Experimental,21308,71.29
Plate 2,F,6,F06,Experimental,21250,71.09
Plate 2,N,17,N17,Experimental,21202,70.93
Plate 2,O,12,O12,Experimental,21175,70.84
Plate 2,L,21,L21,Experimental,21085,70.53
Plate 2,G,14,G14,Experimental,21069,70.48
Plate 2,K,5,K05,Experimental,20891,69.87
Plate 2,D,6,D06,Experimental,20880,69.84
Plate 2,H,20,H20,Experimental,20849,69.73
Plate 2,J,14,J14,Experimental,20748,69.39
Plate 2,G,10,G10,Experimental,20578,68.81
Plate 2,J,11,J11,Experimental,20462,68.42
Plate 2,D,20,D20,Experimental,20413,68.25
Plate 2,D,18,D18,Experimental,20355,68.05
Plate 2,H,12,H12,Experimental,20321,67.94
Plate 2,D,9,D09,Experimental,20237,67.65
Plate 2,L,6,L06,Experimental,20112,67.23
Plate 2,N,9,N09,Experimental,20106,67.21
Plate 2,F,3,F03,Experimental,20096,67.17
Plate 2,I,6,I06,Experimental,20091,67.16
Plate 2,K,20,K20,Experimental,20026,66.94
Plate 2,L,11,L11,Experimental,19837,66.3
Plate 2,A,10,A10,Experimental,19803,66.18
Plate 2,N,13,N13,Experimental,19769,66.06
Plate 2,I,21,I21,Experimental,19745,65.98
Plate 2,J,4,J04,Experimental,19739,65.96
Plate 2,P,11,P11,Experimental,19686,65.78
Plate 2,B,19,B19,Experimental,19544,65.3
Plate 2,E,18,E18,Experimental,19527,65.24
Plate 2,H,10,H10,Experimental,19486,65.1
Plate 2,A,17,A17,Experimental,19436,64.93
Plate 2,D,19,D19,Experimental,19389,64.77
Plate 2,P,20,P20,Experimental,19317,64.53
Plate 2,B,10,B10,Experimental,19283,64.41
Plate 2,P,8,P08,Experimental,19187,64.09
Plate 2,A,13,A13,Experimental,19042,63.6
Plate 2,C,10,C10,Experimental,19012,63.49
Plate 2,L,9,L09,Experimental,18996,63.44
Plate 2,F,22,F22,Experimental,18969,63.35
Plate 2,M,3,M03,Experimental,18937,63.24
Plate 2,F,7,F07,Experimental,18909,63.14
Plate 2,E,9,E09,Experimental,18890,63.08
Plate 2,G,21,G21,Experimental,18810,62.81
Plate 2,K,14,K14,Experimental,18508,61.78
Plate 2,O,11,O11,Experimental,18366,61.3
Plate 2,D,11,D11,Experimental,18324,61.16
Plate 2,G,18,G18,Experimental,18294,61.06
Plate 2,A,4,A04,Experimental,18260,60.94
Plate 2,J,19,J19,Experimental,18172,60.64
Plate 2,E,7,E07,Experimental,18132,60.51
Plate 2,H,14,H14,Experimental,18083,60.34
Plate 2,E,6,E06,Experimental,17994,60.04
Plate 2,F,20,F20,Experimental,17986,60.01
Plate 2,F,8,F08,Experimental,17897,59.71
Plate 2,D,5,D05,Experimental,17655,58.89
Plate 2,M,13,M13,Experimental,17637,58.83
Plate 2,L,4,L04,Experimental,17473,58.27
Plate 2,N,8,N08,Experimental,17434,58.14
Plate 2,H,15,H15,Experimental,17405,58.04
Plate 2,I,15,I15,Experimental,17400,58.02
Plate 2,E,16,E16,Experimental,17398,58.01
Plate 2,F,10,F10,Experimental,17269,57.58
Plate 2,A,19,A19,Experimental,17195,57.32
Plate 2,M,16,M16,Experimental,17063,56.88
Plate 2,C,6,C06,Experimental,17020,56.73
Plate 2,C,4,C04,Experimental,16898,56.32
Plate 2,N,20,N20,Experimental,16851,56.16
Plate 2,P,4,P04,Experimental,16835,56.1
Plate 2,N,10,N10,Experimental,16773,55.89
Plate 2,F,14,F14,Experimental,16677,55.57
Plate 2,H,4,H04,Experimental,16538,55.09
Plate 2,E,20,E20,Experimental,16463,54.84
Plate 2,J,5,J05,Experimental,16426,54.71
Plate 2,E,12,E12,Experimental,16254,54.13
Plate 2,A,22,A22,Experimental,16234,54.06
Plate 2,I,8,I08,Experimental,16176,53.87
Plate 2,F,4,F04,Experimental,16044,53.42
Plate 2,A,18,A18,Experimental,15991,53.24
Plate 2,P,13,P13,Experimental,15975,53.18
Plate 2,H,17,H17,Experimental,15932,53.04
Plate 2,C,5,C05,Experimental,15811,52.63
Plate 2,J,18,J18,Experimental,15776,52.51
Plate 2,F,17,F17,Experimental,15705,52.27
Plate 2,P,7,P07,Experimental,15635,52.03
Plate 2,O,22,O22,Experimental,15590,51.88
Plate 2,O,20,O20,Experimental,15580,51.84
Plate 2,K,15,K15,Experimental,15482,51.51
Plate 2,A,3,A03,Experimental,15262,50.76
Plate 2,J,10,J10,Experimental,15182,50.49
Plate 2,E,21,E21,Experimental,15177,50.47
Plate 2,K,4,K04,Experimental,15154,50.39
Plate 2,G,7,G07,Experimental,15115,50.26
Plate 2,M,10,M10,Experimental,15067,50.1
Plate 3,I,14,I14,Experimental,38000,127.68
Plate 3,G,12,G12,Experimental,34093,114.45
Plate 3,A,18,A18,Experimental,32203,108.05
Plate 3,K,22,K22,Experimental,31737,106.48
Plate 3,C,22,C22,Experimental,31429,105.43
Plate 3,C,8,C08,Experimental,31121,104.39
Plate 3,K,18,K18,Experimental,30863,103.52
Plate 3,B,8,B08,Experimental,30141,101.07
Plate 3,B,21,B21,Experimental,29796,99.9
Plate 3,D,21,D21,Experimental,28993,97.18
Plate 3,N,9,N09,Experimental,28737,96.32
Plate 3,M,14,M14,Experimental,27533,92.24
Plate 3,O,20,O20,Experimental,27334,91.57
Plate 3,A,9,A09,Experimental,26829,89.86
Plate 3,L,15,L15,Experimental,26413,88.45
Plate 3,B,5,B05,Experimental,26193,87.7
Plate 3,C,7,C07,Experimental,25802,86.38
Plate 3,A,7,A07,Experimental,25801,86.37
Plate 3,A,5,A05,Experimental,25760,86.24
Plate 3,O,5,O05,Experimental,25563,85.57
Plate 3,L,12,L12,Experimental,25434,85.13
Plate 3,P,3,P03,Experimental,25200,84.34
Plate 3,P,4,P04,Experimental,25053,83.84
Plate 3,M,22,M22,Experimental,24700,82.65
Plate 3,J,11,J11,Experimental,24560,82.17
Plate 3,A,22,A22,Experimental,24525,82.05
Plate 3,H,7,H07,Experimental,24432,81.74
Plate 3,M,11,M11,Experimental,24378,81.56
Plate 3,M,12,M12,Experimental,24192,80.93
Plate 3,O,22,O22,Experimental,24178,80.88
Plate 3,B,18,B18,Experimental,24106,80.63
Plate 3,H,9,H09,Experimental,23754,79.44
Plate 3,E,18,E18,Experimental,23718,79.32
Plate 3,G,22,G22,Experimental,23605,78.94
Plate 3,N,3,N03,Experimental,23420,78.31
Plate 3,L,10,L10,Experimental,23369,78.14
Plate 3,P,19,P19,Experimental,23295,77.89
Plate 3,F,19,F19,Experimental,22943,76.7
Plate 3,J,7,J07,Experimental,22704,75.89
Plate 3,I,6,I06,Experimental,22641,75.67
Plate 3,J,22,J22,Experimental,22604,75.55
Plate 3,N,11,N11,Experimental,22570,75.43
Plate 3,J,21,J21,Experimental,22519,75.26
Plate 3,H,4,H04,Experimental,22507,75.22
Plate 3,C,18,C18,Experimental,22378,74.78
Plate 3,F,22,F22,Experimental,22359,74.72
Plate 3,A,15,A15,Experimental,22309,74.55
Plate 3,F,9,F09,Experimental,22134,73.96
Plate 3,K,20,K20,Experimental,22027,73.59
Plate 3,H,12,H12,Experimental,21947,73.32
Plate 3,O,3,O03,Experimental,21937,73.29
Plate 3,I,8,I08,Experimental,21902,73.17
Plate 3,N,13,N13,Experimental,21899,73.16
Plate 3,A,8,A08,Experimental,21889,73.13
Plate 3,M,15,M15,Experimental,21863,73.04
Plate 3,M,4,M04,Experimental,21750,72.66
Plate 3,K,12,K12,Experimental,21713,72.53
Plate 3,D,20,D20,Experimental,21647,72.31
Plate 3,L,14,L14,Experimental,21579,72.08
Plate 3,D,9,D09,Experimental,21519,71.87
Plate 3,O,14,O14,Experimental,21439,71.6
Plate 3,O,21,O21,Experimental,21401,71.47
Plate 3,G,6,G06,Experimental,21308,71.16
Plate 3,N,10,N10,Experimental,21222,70.87
Plate 3,M,18,M18,Experimental,21175,70.71
Plate 3,D,13,D13,Experimental,21127,70.55
Plate 3,H,19,H19,Experimental,21097,70.45
Plate 3,O,12,O12,Experimental,21071,70.36
Plate 3,G,17,G17,Experimental,21037,70.24
Plate 3,G,21,G21,Experimental,20978,70.04
Plate 3,I,9,I09,Experimental,20948,69.94
Plate 3,M,5,M05,Experimental,20935,69.9
Plate 3,D,12,D12,Experimental,20833,69.55
Plate 3,D,16,D16,Experimental,20775,69.36
Plate 3,G,3,G03,Experimental,20706,69.12
Plate 3,P,7,P07,Experimental,20668,68.99
Plate 3,L,6,L06,Experimental,20622,68.84
Plate 3,M,8,M08,Experimental,20378,68.01
Plate 3,L,13,L13,Experimental,20287,67.7
Plate 3,L,9,L09,Experimental,20269,67.64
Plate 3,K,7,K07,Experimental,20246,67.56
Plate 3,C,21,C21,Experimental,20119,67.13
Plate 3,L,7,L07,Experimental,19868,66.28
Plate 3,A,19,A19,Experimental,19850,66.22
Plate 3,J,4,J04,Experimental,19815,66.1
Plate 3,P,22,P22,Experimental,19702,65.72
Plate 3,K,4,K04,Experimental,19601,65.38
Plate 3,O,10,O10,Experimental,19563,65.25
Plate 3,C,10,C10,Experimental,19517,65.1
Plate 3,A,13,A13,Experimental,19502,65.04
Plate 3,D,6,D06,Experimental,19498,65.03
Plate 3,A,6,A06,Experimental,19258,64.22
Plate 3,I,15,I15,Experimental,19202,64.03
Plate 3,N,14,N14,Experimental,19185,63.97
Plate 3,B,12,B12,Experimental,19114,63.73
Plate 3,K,11,K11,Experimental,19018,63.41
Plate 3,D,22,D22,Experimental,19009,63.37
Plate 3,F,21,F21,Experimental,19009,63.37
Plate 3,B,7,B07,Experimental,18926,63.09
Plate 3,P,18,P18,Experimental,18822,62.74
Plate 3,J,14,J14,Experimental,18787,62.62
Plate 3,D,4,D04,Experimental,18725,62.41
Plate 3,C,17,C17,Experimental,18627,62.08
Plate 3,C,3,C03,Experimental,18625,62.07
Plate 3,A,4,A04,Experimental,18614,62.04
Plate 3,E,19,E19,Experimental,18604,62.0
Plate 3,L,20,L20,Experimental,18596,61.98
Plate 3,O,11,O11,Experimental,18479,61.58
Plate 3,M,16,M16,Experimental,18278,60.9
Plate 3,F,7,F07,Experimental,18269,60.87
Plate 3,F,3,F03,Experimental,18205,60.65
Plate 3,B,13,B13,Experimental,18177,60.56
Plate 3,N,12,N12,Experimental,18140,60.43
Plate 3,L,18,L18,Experimental,17969,59.85
Plate 3,H,6,H06,Experimental,17948,59.78
Plate 3,O,7,O07,Experimental,17920,59.69
Plate 3,G,7,G07,Experimental,17880,59.55
Plate 3,C,11,C11,Experimental,17876,59.54
Plate 3,N,21,N21,Experimental,17825,59.37
Plate 3,G,5,G05,Experimental,17810,59.31
Plate 3,J,13,J13,Experimental,17801,59.28
Plate 3,D,17,D17,Experimental,17790,59.25
Plate 3,A,16,A16,Experimental,17538,58.39
Plate 3,E,12,E12,Experimental,17537,58.39
Plate 3,F,13,F13,Experimental,17503,58.28
Plate 3,E,22,E22,Experimental,17336,57.71
Plate 3,H,21,H21,Experimental,17333,57.7
Plate 3,G,16,G16,Experimental,17222,57.32
Plate 3,P,6,P06,Experimental,17203,57.26
Plate 3,K,19,K19,Experimental,17140,57.05
Plate 3,G,9,G09,Experimental,16826,55.98
Plate 3,B,11,B11,Experimental,16739,55.69
Plate 3,D,14,D14,Experimental,16662,55.43
Plate 3,O,18,O18,Experimental,16646,55.37
Plate 3,P,12,P12,Experimental,16634,55.33
Plate 3,N,15,N15,Experimental,16612,55.26
Plate 3,P,11,P11,Experimental,16251,54.04
Plate 3,G,15,G15,Experimental,16239,53.99
Plate 3,K,16,K16,Experimental,16200,53.86
Plate 3,F,14,F14,Experimental,16094,53.5
Plate 3,A,17,A17,Experimental,16018,53.25
Plate 3,E,10,E10,Experimental,16014,53.23
Plate 3,I,18,I18,Experimental,16013,53.23
Plate 3,N,6,N06,Experimental,15936,52.97
Plate 3,P,16,P16,Experimental,15884,52.79
Plate 3,J,16,J16,Experimental,15861,52.71
Plate 3,B,16,B16,Experimental,15810,52.54
Plate 3,E,15,E15,Experimental,15646,51.99
Plate 3,H,13,H13,Experimental,15583,51.77
Plate 3,E,14,E14,Experimental,15445,51.31
Plate 3,I,12,I12,Experimental,15331,50.92
Plate 3,O,6,O06,Experimental,15325,50.9
Plate 3,I,7,I07,Experimental,15159,50.34
Plate 3,I,22,I22,Experimental,15143,50.28
Plate 3,P,9,P09,Experimental,15139,50.27
Plate 3,N,5,N05,Experimental,15121,50.21
Plate 4,C,10,C10,Experimental,38000,127.05
Plate 4,L,13,L13,Experimental,36066,120.53
Plate 4,O,5,O05,Experimental,35390,118.26
Plate 4,G,20,G20,Experimental,33948,113.4
Plate 4,L,15,L15,Experimental,32871,109.77
Plate 4,B,9,B09,Experimental,32658,109.05
Plate 4,N,16,N16,Experimental,32370,108.08
Plate 4,P,22,P22,Experimental,30840,102.93
Plate 4,P,21,P21,Experimental,30698,102.45
Plate 4,L,3,L03,Experimental,29436,98.2
Plate 4,L,9,L09,Experimental,29200,97.4
Plate 4,B,19,B19,Experimental,29107,97.09
Plate 4,F,13,F13,Experimental,29077,96.99
Plate 4,B,17,B17,Experimental,28602,95.39
Plate 4,J,15,J15,Experimental,28380,94.64
Plate 4,E,10,E10,Experimental,28158,93.89
Plate 4,N,19,N19,Experimental,28050,93.53
Plate 4,E,8,E08,Experimental,27750,92.52
Plate 4,P,4,P04,Experimental,27748,92.51
Plate 4,E,11,E11,Experimental,27332,91.11
Plate 4,E,4,E04,Experimental,26883,89.6
Plate 4,F,3,F03,Experimental,26765,89.2
Plate 4,P,17,P17,Experimental,26628,88.74
Plate 4,L,8,L08,Experimental,26486,88.26
Plate 4,E,9,E09,Experimental,26247,87.45
Plate 4,N,14,N14,Experimental,26199,87.29
Plate 4,D,11,D11,Experimental,26172,87.2
Plate 4,I,9,I09,Experimental,25925,86.37
Plate 4,C,20,C20,Experimental,25914,86.33
Plate 4,J,8,J08,Experimental,25886,86.24
Plate 4,A,4,A04,Experimental,25638,85.4
Plate 4,J,17,J17,Experimental,25507,84.96
Plate 4,P,9,P09,Experimental,25377,84.52
Plate 4,I,6,I06,Experimental,25351,84.43
Plate 4,C,18,C18,Experimental,25303,84.27
Plate 4,D,4,D04,Experimental,25228,84.02
Plate 4,L,14,L14,Experimental,25082,83.53
Plate 4,G,5,G05,Experimental,24955,83.1
Plate 4,K,22,K22,Experimental,24828,82.67
Plate 4,N,17,N17,Experimental,24785,82.53
Plate 4,P,12,P12,Experimental,24611,81.94
Plate 4,M,8,M08,Experimental,24504,81.58
Plate 4,M,7,M07,Experimental,24491,81.54
Plate 4,J,10,J10,Experimental,24359,81.09
Plate 4,O,9,O09,Experimental,24339,81.03
Plate 4,L,16,L16,Experimental,24323,80.97
Plate 4,G,4,G04,Experimental,24284,80.84
Plate 4,O,10,O10,Experimental,23992,79.86
Plate 4,K,6,K06,Experimental,23624,78.62
Plate 4,L,10,L10,Experimental,23212,77.23
Plate 4,M,11,M11,Experimental,23163,77.06
Plate 4,F,4,F04,Experimental,23130,76.95
Plate 4,C,9,C09,Experimental,23080,76.78
Plate 4,F,5,F05,Experimental,23048,76.68
Plate 4,F,6,F06,Experimental,22978,76.44
Plate 4,H,16,H16,Experimental,22900,76.18
Plate 4,K,5,K05,Experimental,22876,76.1
Plate 4,M,4,M04,Experimental,22753,75.68
Plate 4,D,17,D17,Experimental,22504,74.84
Plate 4,M,3,M03,Experimental,22500,74.83
Plate 4,B,6,B06,Experimental,22407,74.52
Plate 4,J,3,J03,Experimental,22367,74.38
Plate 4,G,14,G14,Experimental,22240,73.95
Plate 4,E,15,E15,Experimental,22165,73.7
Plate 4,A,17,A17,Experimental,22062,73.35
Plate 4,H,6,H06,Experimental,21922,72.88
Plate 4,B,16,B16,Experimental,21890,72.77
Plate 4,E,12,E12,Experimental,21724,72.22
Plate 4,F,14,F14,Experimental,21724,72.22
Plate 4,D,18,D18,Experimental,21694,72.11
Plate 4,K,12,K12,Experimental,21653,71.98
Plate 4,A,8,A08,Experimental,21605,71.81
Plate 4,E,6,E06,Experimental,21569,71.69
Plate 4,C,11,C11,Experimental,21562,71.67
Plate 4,D,19,D19,Experimental,21497,71.45
Plate 4,L,7,L07,Experimental,21413,71.17
Plate 4,D,3,D03,Experimental,21194,70.43
Plate 4,J,4,J04,Experimental,21119,70.18
Plate 4,I,7,I07,Experimental,21080,70.05
Plate 4,A,7,A07,Experimental,21041,69.91
Plate 4,G,8,G08,Experimental,21041,69.91
Plate 4,J,19,J19,Experimental,21014,69.82
Plate 4,I,18,I18,Experimental,20952,69.61
Plate 4,G,11,G11,Experimental,20919,69.5
Plate 4,M,18,M18,Experimental,20913,69.48
Plate 4,C,6,C06,Experimental,20857,69.29
Plate 4,L,19,L19,Experimental,20853,69.28
Plate 4,L,12,L12,Experimental,20776,69.02
Plate 4,M,13,M13,Experimental,20742,68.91
Plate 4,L,21,L21,Experimental,20723,68.84
Plate 4,F,7,F07,Experimental,20715,68.82
Plate 4,G,13,G13,Experimental,20699,68.76
Plate 4,M,17,M17,Experimental,20695,68.75
Plate 4,D,5,D05,Experimental,20642,68.57
Plate 4,O,8,O08,Experimental,20568,68.32
Plate 4,O,13,O13,Experimental,20544,68.24
Plate 4,J,13,J13,Experimental,20508,68.12
Plate 4,K,15,K15,Experimental,20490,68.06
Plate 4,A,12,A12,Experimental,20483,68.03
Plate 4,E,21,E21,Experimental,20433,67.87
Plate 4,D,6,D06,Experimental,20247,67.24
Plate 4,C,16,C16,Experimental,19938,66.2
Plate 4,O,20,O20,Experimental,19872,65.98
Plate 4,A,20,A20,Experimental,19727,65.49
Plate 4,P,16,P16,Experimental,19639,65.19
Plate 4,O,21,O21,Experimental,19500,64.72
Plate 4,K,19,K19,Experimental,19489,64.69
Plate 4,C,12,C12,Experimental,19484,64.67
Plate 4,J,5,J05,Experimental,19464,64.6
Plate 4,E,22,E22,Experimental,19439,64.52
Plate 4,B,22,B22,Experimental,19421,64.46
Plate 4,O,7,O07,Experimental,19367,64.27
Plate 4,N,21,N21,Experimental,19243,63.86
Plate 4,H,17,H17,Experimental,19239,63.84
Plate 4,O,22,O22,Experimental,19233,63.82
Plate 4,I,5,I05,Experimental,19140,63.51
Plate 4,N,7,N07,Experimental,19137,63.5
Plate 4,F,10,F10,Experimental,19099,63.37
Plate 4,G,15,G15,Experimental,19021,63.11
Plate 4,E,14,E14,Experimental,18958,62.9
Plate 4,F,18,F18,Experimental,18908,62.73
Plate 4,B,11,B11,Experimental,18861,62.57
Plate 4,L,5,L05,Experimental,18822,62.44
Plate 4,E,16,E16,Experimental,18818,62.42
Plate 4,K,16,K16,Experimental,18764,62.24
Plate 4,N,8,N08,Experimental,18686,61.98
Plate 4,A,14,A14,Experimental,18649,61.86
Plate 4,N,11,N11,Experimental,18592,61.66
Plate 4,I,8,I08,Experimental,18491,61.32
Plate 4,B,12,B12,Experimental,18466,61.24
Plate 4,H,15,H15,Experimental,18292,60.65
Plate 4,P,3,P03,Experimental,18242,60.48
Plate 4,B,10,B10,Experimental,18134,60.12
Plate 4,E,19,E19,Experimental,18100,60.01
Plate 4,K,10,K10,Experimental,18043,59.81
Plate 4,C,5,C05,Experimental,18028,59.76
Plate 4,O,14,O14,Experimental,17630,58.42
Plate 4,E,3,E03,Experimental,17358,57.51
Plate 4,A,3,A03,Experimental,17266,57.2
Plate 4,A,15,A15,Experimental,17163,56.85
Plate 4,F,21,F21,Experimental,17135,56.75
Plate 4,M,22,M22,Experimental,17134,56.75
Plate 4,A,22,A22,Experimental,17094,56.62
Plate 4,D,20,D20,Experimental,16858,55.82
Plate 4,N,6,N06,Experimental,16714,55.34
Plate 4,G,16,G16,Experimental,16676,55.21
Plate 4,P,5,P05,Experimental,16667,55.18
Plate 4,J,7,J07,Experimental,16596,54.94
Plate 4,K,18,K18,Experimental,16486,54.57
Plate 4,I,12,I12,Experimental,16484,54.56
Plate 4,M,19,M19,Experimental,16469,54.51
Plate 4,D,8,D08,Experimental,16464,54.49
Plate 4,H,9,H09,Experimental,16367,54.17
Plate 4,E,18,E18,Experimental,16255,53.79
Plate 4,I,14,I14,Experimental,16161,53.47
Plate 4,M,16,M16,Experimental,16131,53.37
Plate 4,F,11,F11,Experimental,16063,53.14
Plate 4,B,5,B05,Experimental,15970,52.83
Plate 4,N,10,N10,Experimental,15523,51.32
Plate 4,N,3,N03,Experimental,15515,51.3
Plate 4,B,8,B08,Experimental,15421,50.98
Plate 4,H,18,H18,Experimental,15290,50.54
Plate 4,D,12,D12,Experimental,15257,50.43
Plate 4,A,13,A13,Experimental,15188,50.2
Plate 5,D,14,D14,Experimental,38000,129.24
Plate 5,F,3,F03,Experimental,38000,129.24
Plate 5,K,19,K19,Experimental,38000,129.24
Plate 5,H,7,H07,Experimental,34807,118.29
Plate 5,C,15,C15,Experimental,34415,116.95
Plate 5,E,12,E12,Experimental,34324,116.64
Plate 5,G,20,G20,Experimental,33241,112.93
Plate 5,O,6,O06,Experimental,32668,110.96
Plate 5,F,8,F08,Experimental,32552,110.57
Plate 5,M,11,M11,Experimental,31744,107.8
Plate 5,H,9,H09,Experimental,30500,103.53
Plate 5,F,4,F04,Experimental,29438,99.89
Plate 5,H,17,H17,Experimental,28964,98.27
Plate 5,P,19,P19,Experimental,28810,97.74
Plate 5,A,13,A13,Experimental,28331,96.1
Plate 5,A,11,A11,Experimental,28251,95.83
Plate 5,D,9,D09,Experimental,28114,95.36
Plate 5,N,14,N14,Experimental,27706,93.96
Plate 5,C,9,C09,Experimental,27420,92.98
Plate 5,I,20,I20,Experimental,27353,92.75
Plate 5,G,12,G12,Experimental,27301,92.57
Plate 5,M,21,M21,Experimental,26710,90.55
Plate 5,O,15,O15,Experimental,26710,90.55
Plate 5,B,4,B04,Experimental,26606,90.19
Plate 5,A,16,A16,Experimental,25950,87.94
Plate 5,J,9,J09,Experimental,25583,86.68
Plate 5,C,12,C12,Experimental,25387,86.01
Plate 5,O,21,O21,Experimental,25364,85.93
Plate 5,M,12,M12,Experimental,24988,84.64
Plate 5,J,22,J22,Experimental,24943,84.49
Plate 5,C,20,C20,Experimental,24915,84.39
Plate 5,B,11,B11,Experimental,24687,83.61
Plate 5,O,11,O11,Experimental,24544,83.12
Plate 5,H,13,H13,Experimental,24436,82.75
Plate 5,P,5,P05,Experimental,24338,82.42
Plate 5,D,3,D03,Experimental,24046,81.42
Plate 5,I,3,I03,Experimental,23983,81.2
Plate 5,P,18,P18,Experimental,23685,80.18
Plate 5,E,22,E22,Experimental,23533,79.66
Plate 5,K,12,K12,Experimental,23470,79.44
Plate 5,K,15,K15,Experimental,23372,79.11
Plate 5,G,11,G11,Experimental,23299,78.86
Plate 5,D,21,D21,Experimental,23209,78.55
Plate 5,I,14,I14,Experimental,23153,78.36
Plate 5,B,10,B10,Experimental,23140,78.31
Plate 5,F,15,F15,Experimental,23013,77.88
Plate 5,D,20,D20,Experimental,23011,77.87
Plate 5,C,16,C16,Experimental,22911,77.53
Plate 5,E,4,E04,Experimental,22640,76.6
Plate 5,O,10,O10,Experimental,22623,76.54
Plate 5,L,3,L03,Experimental,22581,76.4
Plate 5,B,19,B19,Experimental,22188,75.05
Plate 5,A,9,A09,Experimental,22180,75.02
Plate 5,A,19,A19,Experimental,22107,74.77
Plate 5,E,3,E03,Experimental,21691,73.35
Plate 5,J,17,J17,Experimental,21385,72.3
Plate 5,B,14,B14,Experimental,21361,72.21
Plate 5,L,22,L22,Experimental,21340,72.14
Plate 5,F,22,F22,Experimental,21173,71.57
Plate 5,J,18,J18,Experimental,21044,71.13
Plate 5,G,16,G16,Experimental,20988,70.94
Plate 5,C,17,C17,Experimental,20889,70.6
Plate 5,K,17,K17,Experimental,20844,70.44
Plate 5,C,6,C06,Experimental,20814,70.34
Plate 5,A,20,A20,Experimental,20777,70.21
Plate 5,N,21,N21,Experimental,20661,69.82
Plate 5,A,18,A18,Experimental,20618,69.67
Plate 5,G,19,G19,Experimental,20577,69.53
Plate 5,F,14,F14,Experimental,20558,69.46
Plate 5,C,13,C13,Experimental,20429,69.02
Plate 5,O,13,O13,Experimental,20401,68.92
Plate 5,H,16,H16,Experimental,20348,68.74
Plate 5,P,7,P07,Experimental,20033,67.66
Plate 5,B,21,B21,Experimental,20027,67.64
Plate 5,J,20,J20,Experimental,20015,67.6
Plate 5,F,9,F09,Experimental,19979,67.48
Plate 5,M,15,M15,Experimental,19918,67.27
Plate 5,N,5,N05,Experimental,19858,67.06
Plate 5,H,14,H14,Experimental,19803,66.87
Plate 5,F,16,F16,Experimental,19753,66.7
Plate 5,D,7,D07,Experimental,19649,66.35
Plate 5,J,11,J11,Experimental,19617,66.24
Plate 5,I,12,I12,Experimental,19561,66.05
Plate 5,L,9,L09,Experimental,19558,66.04
Plate 5,H,22,H22,Experimental,19473,65.74
Plate 5,J,3,J03,Experimental,19466,65.72
Plate 5,K,18,K18,Experimental,19457,65.69
Plate 5,G,4,G04,Experimental,19343,65.3
Plate 5,N,6,N06,Experimental,19279,65.08
Plate 5,I,6,I06,Experimental,19200,64.81
Plate 5,D,16,D16,Experimental,19179,64.74
Plate 5,K,21,K21,Experimental,19137,64.59
Plate 5,K,5,K05,Experimental,19115,64.52
Plate 5,G,6,G06,Experimental,19074,64.38
Plate 5,N,3,N03,Experimental,19024,64.21
Plate 5,J,10,J10,Experimental,18868,63.67
Plate 5,H,19,H19,Experimental,18849,63.61
Plate 5,J,19,J19,Experimental,18762,63.31
Plate 5,I,10,I10,Experimental,18733,63.21
Plate 5,N,13,N13,Experimental,18701,63.1
Plate 5,B,12,B12,Experimental,18625,62.84
Plate 5,B,20,B20,Experimental,18563,62.63
Plate 5,B,6,B06,Experimental,18560,62.62
Plate 5,F,7,F07,Experimental,18524,62.49
Plate 5,L,14,L14,Experimental,18524,62.49
Plate 5,G,22,G22,Experimental,18514,62.46
Plate 5,M,13,M13,Experimental,18445,62.22
Plate 5,D,11,D11,Experimental,18248,61.55
Plate 5,B,9,B09,Experimental,18200,61.38
Plate 5,N,16,N16,Experimental,18080,60.97
Plate 5,G,10,G10,Experimental,18062,60.91
Plate 5,N,15,N15,Experimental,18046,60.85
Plate 5,O,16,O16,Experimental,17914,60.4
Plate 5,P,6,P06,Experimental,17808,60.04
Plate 5,E,17,E17,Experimental,17785,59.96
Plate 5,A,8,A08,Experimental,17732,59.78
Plate 5,I,17,I17,Experimental,17707,59.69
Plate 5,L,11,L11,Experimental,17678,59.59
Plate 5,E,21,E21,Experimental,17594,59.3
Plate 5,M,19,M19,Experimental,17558,59.18
Plate 5,C,21,C21,Experimental,17400,58.64
Plate 5,J,6,J06,Experimental,17302,58.3
Plate 5,C,7,C07,Experimental,17205,57.97
Plate 5,A,4,A04,Experimental,17101,57.62
Plate 5,H,18,H18,Experimental,17081,57.55
Plate 5,A,5,A05,Experimental,17079,57.54
Plate 5,A,17,A17,Experimental,17065,57.49
Plate 5,M,16,M16,Experimental,16999,57.27
Plate 5,N,22,N22,Experimental,16926,57.02
Plate 5,B,5,B05,Experimental,16753,56.42
Plate 5,O,4,O04,Experimental,16620,55.97
Plate 5,L,5,L05,Experimental,16604,55.91
Plate 5,G,17,G17,Experimental,16587,55.85
Plate 5,C,5,C05,Experimental,16577,55.82
Plate 5,E,7,E07,Experimental,16493,55.53
Plate 5,E,5,E05,Experimental,16407,55.24
Plate 5,O,9,O09,Experimental,16287,54.83
Plate 5,F,11,F11,Experimental,16234,54.64
Plate 5,C,8,C08,Experimental,16134,54.3
Plate 5,G,5,G05,Experimental,16107,54.21
Plate 5,I,18,I18,Experimental,16063,54.06
Plate 5,D,15,D15,Experimental,16013,53.89
Plate 5,K,10,K10,Experimental,15985,53.79
Plate 5,N,7,N07,Experimental,15693,52.79
Plate 5,I,13,I13,Experimental,15663,52.69
Plate 5,L,20,L20,Experimental,15662,52.68
Plate 5,L,6,L06,Experimental,15571,52.37
Plate 5,F,20,F20,Experimental,15556,52.32
Plate 5,L,7,L07,Experimental,15512,52.17
Plate 5,E,20,E20,Experimental,15494,52.11
Plate 5,C,22,C22,Experimental,15475,52.04
Plate 5,N,11,N11,Experimental,15271,51.34
Plate 5,I,15,I15,Experimental,15210,51.13
Plate 5,M,22,M22,Experimental,15191,51.07
Plate 5,I,21,I21,Experimental,15146,50.92
Plate 5,E,14,E14,Experimental,15035,50.53
Plate 5,G,13,G13,Experimental,14991,50.38
Plate 5,A,7,A07,Experimental,14981,50.35
Plate 5,O,18,O18,Experimental,14982,50.35
Plate 5,M,4,M04,Experimental,14955,50.26
